,study_condition,cohort
FranzosaEA_2019_CTRL_001,control,FranzosaEA_2019
FranzosaEA_2019_CTRL_002,control,FranzosaEA_2019
FranzosaEA_2019_CTRL_003,control,FranzosaEA_2019
FranzosaEA_2019_CTRL_004,control,FranzosaEA_2019
FranzosaEA_2019_CTRL_005,control,FranzosaEA_2019
FranzosaEA_2019_CTRL_006,control,FranzosaEA_2019
FranzosaEA_2019_CTRL_007,control,FranzosaEA_2019
FranzosaEA_2019_CTRL_008,control,FranzosaEA_2019
FranzosaEA_2019_CTRL_009,control,FranzosaEA_2019
FranzosaEA_2019_CTRL_010,control,FranzosaEA_2019
FranzosaEA_2019_CTRL_011,control,FranzosaEA_2019
FranzosaEA_2019_CTRL_012,control,FranzosaEA_2019
FranzosaEA_2019_CTRL_013,control,FranzosaEA_2019
FranzosaEA_2019_CTRL_014,control,FranzosaEA_2019
FranzosaEA_2019_CTRL_015,control,FranzosaEA_2019
FranzosaEA_2019_CTRL_016,control,FranzosaEA_2019
FranzosaEA_2019_CTRL_017,control,FranzosaEA_2019
FranzosaEA_2019_CTRL_018,control,FranzosaEA_2019
FranzosaEA_2019_CTRL_019,control,FranzosaEA_2019
FranzosaEA_2019_CTRL_020,control,FranzosaEA_2019
FranzosaEA_2019_CTRL_021,control,FranzosaEA_2019
FranzosaEA_2019_CTRL_022,control,FranzosaEA_2019
FranzosaEA_2019_CTRL_023,control,FranzosaEA_2019
FranzosaEA_2019_CTRL_024,control,FranzosaEA_2019
FranzosaEA_2019_CTRL_025,control,FranzosaEA_2019
FranzosaEA_2019_CTRL_026,control,FranzosaEA_2019
FranzosaEA_2019_CTRL_027,control,FranzosaEA_2019
FranzosaEA_2019_CTRL_028,control,FranzosaEA_2019
FranzosaEA_2019_CTRL_029,control,FranzosaEA_2019
FranzosaEA_2019_CTRL_030,control,FranzosaEA_2019
FranzosaEA_2019_CTRL_031,control,FranzosaEA_2019
FranzosaEA_2019_CTRL_032,control,FranzosaEA_2019
FranzosaEA_2019_CTRL_033,control,FranzosaEA_2019
FranzosaEA_2019_CTRL_034,control,FranzosaEA_2019
FranzosaEA_2019_CTRL_035,control,FranzosaEA_2019
FranzosaEA_2019_CTRL_036,control,FranzosaEA_2019
FranzosaEA_2019_CTRL_037,control,FranzosaEA_2019
FranzosaEA_2019_CTRL_038,control,FranzosaEA_2019
FranzosaEA_2019_CTRL_039,control,FranzosaEA_2019
FranzosaEA_2019_CTRL_040,control,FranzosaEA_2019
FranzosaEA_2019_CTRL_041,control,FranzosaEA_2019
FranzosaEA_2019_CTRL_042,control,FranzosaEA_2019
FranzosaEA_2019_CTRL_043,control,FranzosaEA_2019
FranzosaEA_2019_CTRL_044,control,FranzosaEA_2019
FranzosaEA_2019_CTRL_045,control,FranzosaEA_2019
FranzosaEA_2019_CTRL_046,control,FranzosaEA_2019
FranzosaEA_2019_CTRL_047,control,FranzosaEA_2019
FranzosaEA_2019_CTRL_048,control,FranzosaEA_2019
FranzosaEA_2019_CTRL_049,control,FranzosaEA_2019
FranzosaEA_2019_CTRL_050,control,FranzosaEA_2019
FranzosaEA_2019_CTRL_051,control,FranzosaEA_2019
FranzosaEA_2019_CTRL_052,control,FranzosaEA_2019
FranzosaEA_2019_CTRL_053,control,FranzosaEA_2019
FranzosaEA_2019_CTRL_054,control,FranzosaEA_2019
FranzosaEA_2019_CTRL_055,control,FranzosaEA_2019
FranzosaEA_2019_CTRL_056,control,FranzosaEA_2019
FranzosaEA_2019_CTRL_057,control,FranzosaEA_2019
FranzosaEA_2019_CTRL_058,control,FranzosaEA_2019
FranzosaEA_2019_CTRL_059,control,FranzosaEA_2019
FranzosaEA_2019_CTRL_060,control,FranzosaEA_2019
FranzosaEA_2019_CTRL_061,control,FranzosaEA_2019
FranzosaEA_2019_CTRL_062,control,FranzosaEA_2019
FranzosaEA_2019_CTRL_063,control,FranzosaEA_2019
FranzosaEA_2019_CTRL_064,control,FranzosaEA_2019
FranzosaEA_2019_CTRL_065,control,FranzosaEA_2019
FranzosaEA_2019_CTRL_066,control,FranzosaEA_2019
FranzosaEA_2019_CTRL_067,control,FranzosaEA_2019
FranzosaEA_2019_CTRL_068,control,FranzosaEA_2019
FranzosaEA_2019_CTRL_069,control,FranzosaEA_2019
FranzosaEA_2019_CTRL_070,control,FranzosaEA_2019
FranzosaEA_2019_CTRL_071,control,FranzosaEA_2019
FranzosaEA_2019_CTRL_072,control,FranzosaEA_2019
FranzosaEA_2019_CTRL_073,control,FranzosaEA_2019
FranzosaEA_2019_CTRL_074,control,FranzosaEA_2019
FranzosaEA_2019_CTRL_075,control,FranzosaEA_2019
FranzosaEA_2019_CTRL_076,control,FranzosaEA_2019
FranzosaEA_2019_CTRL_077,control,FranzosaEA_2019
FranzosaEA_2019_CTRL_078,control,FranzosaEA_2019
FranzosaEA_2019_CTRL_079,control,FranzosaEA_2019
FranzosaEA_2019_CTRL_080,control,FranzosaEA_2019
FranzosaEA_2019_IBD_001,IBD,FranzosaEA_2019
FranzosaEA_2019_IBD_002,IBD,FranzosaEA_2019
FranzosaEA_2019_IBD_003,IBD,FranzosaEA_2019
FranzosaEA_2019_IBD_004,IBD,FranzosaEA_2019
FranzosaEA_2019_IBD_005,IBD,FranzosaEA_2019
FranzosaEA_2019_IBD_006,IBD,FranzosaEA_2019
FranzosaEA_2019_IBD_007,IBD,FranzosaEA_2019
FranzosaEA_2019_IBD_008,IBD,FranzosaEA_2019
FranzosaEA_2019_IBD_009,IBD,FranzosaEA_2019
FranzosaEA_2019_IBD_010,IBD,FranzosaEA_2019
FranzosaEA_2019_IBD_011,IBD,FranzosaEA_2019
FranzosaEA_2019_IBD_012,IBD,FranzosaEA_2019
FranzosaEA_2019_IBD_013,IBD,FranzosaEA_2019
FranzosaEA_2019_IBD_014,IBD,FranzosaEA_2019
FranzosaEA_2019_IBD_015,IBD,FranzosaEA_2019
FranzosaEA_2019_IBD_016,IBD,FranzosaEA_2019
FranzosaEA_2019_IBD_017,IBD,FranzosaEA_2019
FranzosaEA_2019_IBD_018,IBD,FranzosaEA_2019
FranzosaEA_2019_IBD_019,IBD,FranzosaEA_2019
FranzosaEA_2019_IBD_020,IBD,FranzosaEA_2019
FranzosaEA_2019_IBD_021,IBD,FranzosaEA_2019
FranzosaEA_2019_IBD_022,IBD,FranzosaEA_2019
FranzosaEA_2019_IBD_023,IBD,FranzosaEA_2019
FranzosaEA_2019_IBD_024,IBD,FranzosaEA_2019
FranzosaEA_2019_IBD_025,IBD,FranzosaEA_2019
FranzosaEA_2019_IBD_026,IBD,FranzosaEA_2019
FranzosaEA_2019_IBD_027,IBD,FranzosaEA_2019
FranzosaEA_2019_IBD_028,IBD,FranzosaEA_2019
FranzosaEA_2019_IBD_029,IBD,FranzosaEA_2019
FranzosaEA_2019_IBD_030,IBD,FranzosaEA_2019
FranzosaEA_2019_IBD_031,IBD,FranzosaEA_2019
FranzosaEA_2019_IBD_032,IBD,FranzosaEA_2019
FranzosaEA_2019_IBD_033,IBD,FranzosaEA_2019
FranzosaEA_2019_IBD_034,IBD,FranzosaEA_2019
FranzosaEA_2019_IBD_035,IBD,FranzosaEA_2019
FranzosaEA_2019_IBD_036,IBD,FranzosaEA_2019
FranzosaEA_2019_IBD_037,IBD,FranzosaEA_2019
FranzosaEA_2019_IBD_038,IBD,FranzosaEA_2019
FranzosaEA_2019_IBD_039,IBD,FranzosaEA_2019
FranzosaEA_2019_IBD_040,IBD,FranzosaEA_2019
FranzosaEA_2019_IBD_041,IBD,FranzosaEA_2019
FranzosaEA_2019_IBD_042,IBD,FranzosaEA_2019
FranzosaEA_2019_IBD_043,IBD,FranzosaEA_2019
FranzosaEA_2019_IBD_044,IBD,FranzosaEA_2019
FranzosaEA_2019_IBD_045,IBD,FranzosaEA_2019
FranzosaEA_2019_IBD_046,IBD,FranzosaEA_2019
FranzosaEA_2019_IBD_047,IBD,FranzosaEA_2019
FranzosaEA_2019_IBD_048,IBD,FranzosaEA_2019
FranzosaEA_2019_IBD_049,IBD,FranzosaEA_2019
FranzosaEA_2019_IBD_050,IBD,FranzosaEA_2019
FranzosaEA_2019_IBD_051,IBD,FranzosaEA_2019
FranzosaEA_2019_IBD_052,IBD,FranzosaEA_2019
FranzosaEA_2019_IBD_053,IBD,FranzosaEA_2019
FranzosaEA_2019_IBD_054,IBD,FranzosaEA_2019
FranzosaEA_2019_IBD_055,IBD,FranzosaEA_2019
FranzosaEA_2019_IBD_056,IBD,FranzosaEA_2019
FranzosaEA_2019_IBD_057,IBD,FranzosaEA_2019
FranzosaEA_2019_IBD_058,IBD,FranzosaEA_2019
FranzosaEA_2019_IBD_059,IBD,FranzosaEA_2019
FranzosaEA_2019_IBD_060,IBD,FranzosaEA_2019
FranzosaEA_2019_IBD_061,IBD,FranzosaEA_2019
FranzosaEA_2019_IBD_062,IBD,FranzosaEA_2019
FranzosaEA_2019_IBD_063,IBD,FranzosaEA_2019
FranzosaEA_2019_IBD_064,IBD,FranzosaEA_2019
FranzosaEA_2019_IBD_065,IBD,FranzosaEA_2019
FranzosaEA_2019_IBD_066,IBD,FranzosaEA_2019
FranzosaEA_2019_IBD_067,IBD,FranzosaEA_2019
FranzosaEA_2019_IBD_068,IBD,FranzosaEA_2019
FranzosaEA_2019_IBD_069,IBD,FranzosaEA_2019
FranzosaEA_2019_IBD_070,IBD,FranzosaEA_2019
FranzosaEA_2019_IBD_071,IBD,FranzosaEA_2019
FranzosaEA_2019_IBD_072,IBD,FranzosaEA_2019
FranzosaEA_2019_IBD_073,IBD,FranzosaEA_2019
FranzosaEA_2019_IBD_074,IBD,FranzosaEA_2019
FranzosaEA_2019_IBD_075,IBD,FranzosaEA_2019
