,study_condition,age,gender
SAM_Control_001,control,60,female
SAM_Control_002,control,69,female
SAM_Control_003,control,55,female
SAM_Control_004,control,50,male
SAM_Control_005,control,56,male
SAM_Control_006,control,61,female
SAM_Control_007,control,71,male
SAM_Control_008,control,69,female
SAM_Control_009,control,72,female
SAM_Control_010,control,68,male
SAM_Control_011,control,66,female
SAM_Control_012,control,53,male
SAM_Control_013,control,52,male
SAM_Control_014,control,50,female
SAM_Control_015,control,67,male
SAM_Control_016,control,70,female
SAM_Control_017,control,64,male
SAM_Control_018,control,57,female
SAM_Control_019,control,50,female
SAM_Control_020,control,69,female
SAM_Control_021,control,63,male
SAM_Control_022,control,53,female
SAM_Control_023,control,54,male
SAM_Control_024,control,72,male
SAM_Control_025,control,62,male
SAM_Control_026,control,73,male
SAM_Control_027,control,64,male
SAM_Control_028,control,55,female
SAM_Control_029,control,50,male
SAM_Control_030,control,72,female
SAM_Control_031,control,68,female
SAM_Control_032,control,62,male
SAM_Control_033,control,55,female
SAM_Control_034,control,64,female
SAM_Control_035,control,65,male
SAM_Control_036,control,73,female
SAM_Control_037,control,72,male
SAM_Control_038,control,65,male
SAM_Control_039,control,59,male
SAM_Control_040,control,71,female
SAM_Control_041,control,58,female
SAM_Control_042,control,58,female
SAM_Control_043,control,66,female
SAM_Control_044,control,66,male
SAM_Control_045,control,66,male
SAM_Control_046,control,73,female
SAM_Control_047,control,61,male
SAM_Control_048,control,62,female
SAM_Control_049,control,61,male
SAM_Control_050,control,63,male
SAM_Control_051,control,59,male
SAM_Control_052,control,72,male
SAM_Control_053,control,68,male
SAM_Control_054,control,51,female
SAM_Control_055,control,53,female
SAM_Control_056,control,68,male
SAM_Control_057,control,56,female
SAM_Control_058,control,64,male
SAM_Control_059,control,64,male
SAM_Control_060,control,73,male
SAM_Control_061,control,55,male
SAM_Control_062,control,52,female
SAM_Control_063,control,55,male
SAM_Control_064,control,65,female
SAM_Control_065,control,51,male
SAM_Control_066,control,56,male
SAM_Control_067,control,60,female
SAM_Control_068,control,56,male
SAM_Control_069,control,53,male
SAM_Control_070,control,73,female
SAM_Control_071,control,69,female
SAM_Control_072,control,56,female
SAM_Control_073,control,53,male
SAM_Control_074,control,61,male
SAM_Control_075,control,54,female
SAM_Control_076,control,72,female
SAM_Control_077,control,68,male
SAM_Control_078,control,54,male
SAM_Control_079,control,68,female
SAM_Control_080,control,70,female
SAM_CRC_001,CRC,52,female
SAM_CRC_002,CRC,60,female
SAM_CRC_003,CRC,56,male
SAM_CRC_004,CRC,66,male
SAM_CRC_005,CRC,74,male
SAM_CRC_006,CRC,58,male
SAM_CRC_007,CRC,70,female
SAM_CRC_008,CRC,58,male
SAM_CRC_009,CRC,59,female
SAM_CRC_010,CRC,62,male
SAM_CRC_011,CRC,64,male
SAM_CRC_012,CRC,71,male
SAM_CRC_013,CRC,54,female
SAM_CRC_014,CRC,52,male
SAM_CRC_015,CRC,57,female
SAM_CRC_016,CRC,69,female
SAM_CRC_017,CRC,59,male
SAM_CRC_018,CRC,62,female
SAM_CRC_019,CRC,52,male
SAM_CRC_020,CRC,71,female
SAM_CRC_021,CRC,57,male
SAM_CRC_022,CRC,58,female
SAM_CRC_023,CRC,71,female
SAM_CRC_024,CRC,70,male
SAM_CRC_025,CRC,61,male
SAM_CRC_026,CRC,60,male
SAM_CRC_027,CRC,51,male
SAM_CRC_028,CRC,67,female
SAM_CRC_029,CRC,58,female
SAM_CRC_030,CRC,51,female
SAM_CRC_031,CRC,51,female
SAM_CRC_032,CRC,52,male
SAM_CRC_033,CRC,65,female
SAM_CRC_034,CRC,68,male
SAM_CRC_035,CRC,53,female
SAM_CRC_036,CRC,72,male
SAM_CRC_037,CRC,74,male
SAM_CRC_038,CRC,67,male
SAM_CRC_039,CRC,69,male
SAM_CRC_040,CRC,74,male
SAM_CRC_041,CRC,67,female
SAM_CRC_042,CRC,59,male
SAM_CRC_043,CRC,60,female
SAM_CRC_044,CRC,66,female
SAM_CRC_045,CRC,73,male
SAM_CRC_046,CRC,74,female
SAM_CRC_047,CRC,72,female
SAM_CRC_048,CRC,73,female
SAM_CRC_049,CRC,69,male
SAM_CRC_050,CRC,65,male
SAM_CRC_051,CRC,69,male
SAM_CRC_052,CRC,62,male
SAM_CRC_053,CRC,51,female
SAM_CRC_054,CRC,73,female
SAM_CRC_055,CRC,51,female
SAM_CRC_056,CRC,74,female
SAM_CRC_057,CRC,63,female
SAM_CRC_058,CRC,53,female
SAM_CRC_059,CRC,66,male
SAM_CRC_060,CRC,62,female
SAM_CRC_061,CRC,53,female
SAM_CRC_062,CRC,52,female
SAM_CRC_063,CRC,61,male
SAM_CRC_064,CRC,71,female
SAM_CRC_065,CRC,72,female
SAM_CRC_066,CRC,57,male
SAM_CRC_067,CRC,51,female
SAM_CRC_068,CRC,55,male
SAM_CRC_069,CRC,71,male
SAM_CRC_070,CRC,59,female
SAM_CRC_071,CRC,61,female
SAM_CRC_072,CRC,70,male
SAM_CRC_073,CRC,59,female
SAM_CRC_074,CRC,59,female
SAM_CRC_075,CRC,72,male
SAM_CRC_076,CRC,52,male
